"0","library(here)"
"2","here() starts at D:/GitHub/GTscore
"
"0","source(""GTscore.r"")"
"2","Registered S3 method overwritten by 'dplyr':
  method           from
  print.rowwise_df     
"
"2","
Attaching package: ‘dplyr’

"
"2","The following objects are masked from ‘package:stats’:

    filter, lag

"
"2","The following objects are masked from ‘package:base’:

    intersect, setdiff, setequal, union

"
"2","Loading required package: msa
"
"2","Loading required package: Biostrings
"
"2","Loading required package: BiocGenerics
"
"2","Loading required package: parallel
"
"2","
Attaching package: ‘BiocGenerics’

"
"2","The following objects are masked from ‘package:parallel’:

    clusterApply, clusterApplyLB, clusterCall, clusterEvalQ, clusterExport, clusterMap, parApply,
    parCapply, parLapply, parLapplyLB, parRapply, parSapply, parSapplyLB

"
"2","The following objects are masked from ‘package:dplyr’:

    combine, intersect, setdiff, union

"
"2","The following objects are masked from ‘package:stats’:

    IQR, mad, sd, var, xtabs

"
"2","The following objects are masked from ‘package:base’:

    anyDuplicated, append, as.data.frame, basename, cbind, colnames, dirname, do.call, duplicated,
    eval, evalq, Filter, Find, get, grep, grepl, intersect, is.unsorted, lapply, Map, mapply,
    match, mget, order, paste, pmax, pmax.int, pmin, pmin.int, Position, rank, rbind, Reduce,
    rownames, sapply, setdiff, sort, table, tapply, union, unique, unsplit, which, which.max,
    which.min

"
"2","Loading required package: S4Vectors
"
"2","Loading required package: stats4
"
"2","
Attaching package: ‘S4Vectors’

"
"2","The following objects are masked from ‘package:dplyr’:

    first, rename

"
"2","The following object is masked from ‘package:base’:

    expand.grid

"
"2","Loading required package: IRanges
"
"2","
Attaching package: ‘IRanges’

"
"2","The following objects are masked from ‘package:dplyr’:

    collapse, desc, slice

"
"2","The following object is masked from ‘package:grDevices’:

    windows

"
"2","Loading required package: XVector
"
"2","
Attaching package: ‘Biostrings’

"
"2","The following object is masked from ‘package:base’:

    strsplit

"
